transaction_key,date_key,department_key,account_key,scenario,amount
1,20250131,1,7,Budget,45000.0
2,20250131,1,7,Actual,45752.9
3,20250131,1,8,Budget,9000.0
4,20250131,1,8,Actual,8487.01
5,20250131,1,11,Budget,8000.0
6,20250131,1,11,Actual,7784.03
7,20250131,1,12,Budget,22000.0
8,20250131,1,12,Actual,21269.28
9,20250131,1,14,Budget,18000.0
10,20250131,1,14,Actual,18510.78
11,20250131,2,1,Budget,280000.0
12,20250131,2,1,Actual,285937.1
13,20250131,2,2,Budget,60000.0
14,20250131,2,2,Actual,62823.69
15,20250131,2,3,Budget,120000.0
16,20250131,2,3,Actual,114051.92
17,20250131,2,7,Budget,110000.0
18,20250131,2,7,Actual,108969.37
19,20250131,2,8,Budget,22000.0
20,20250131,2,8,Actual,20758.66
21,20250131,2,13,Budget,25000.0
22,20250131,2,13,Actual,24155.91
23,20250131,2,15,Budget,8000.0
24,20250131,2,15,Actual,8005.14
25,20250131,3,7,Budget,65000.0
26,20250131,3,7,Actual,61306.98
27,20250131,3,8,Budget,13000.0
28,20250131,3,8,Actual,12530.19
29,20250131,3,9,Budget,85000.0
30,20250131,3,9,Actual,86528.82
31,20250131,3,10,Budget,30000.0
32,20250131,3,10,Actual,30161.79
33,20250131,3,11,Budget,12000.0
34,20250131,3,11,Actual,11597.43
35,20250131,4,4,Budget,40000.0
36,20250131,4,4,Actual,40428.48
37,20250131,4,7,Budget,160000.0
38,20250131,4,7,Actual,165941.06
39,20250131,4,8,Budget,32000.0
40,20250131,4,8,Actual,30104.96
41,20250131,4,11,Budget,28000.0
42,20250131,4,11,Actual,29027.55
43,20250131,4,15,Budget,15000.0
44,20250131,4,15,Actual,15356.65
45,20250131,5,2,Budget,30000.0
46,20250131,5,2,Actual,29424.9
47,20250131,5,5,Budget,25000.0
48,20250131,5,5,Actual,23966.44
49,20250131,5,6,Budget,12000.0
50,20250131,5,6,Actual,12658.39
51,20250131,5,7,Budget,55000.0
52,20250131,5,7,Actual,53921.52
53,20250131,5,8,Budget,11000.0
54,20250131,5,8,Actual,10462.42
55,20250131,5,11,Budget,6000.0
56,20250131,5,11,Actual,5709.64
57,20250131,6,7,Budget,48000.0
58,20250131,6,7,Actual,50001.57
59,20250131,6,8,Budget,9600.0
60,20250131,6,8,Actual,9719.49
61,20250131,6,12,Budget,15000.0
62,20250131,6,12,Actual,15552.83
63,20250131,6,13,Budget,6000.0
64,20250131,6,13,Actual,6165.41
65,20250131,6,14,Budget,5000.0
66,20250131,6,14,Actual,5021.74
67,20250228,1,7,Budget,45675.0
68,20250228,1,7,Actual,48268.15
69,20250228,1,8,Budget,9135.0
70,20250228,1,8,Actual,9001.85
71,20250228,1,11,Budget,8120.0
72,20250228,1,11,Actual,8170.71
73,20250228,1,12,Budget,22330.0
74,20250228,1,12,Actual,23212.67
75,20250228,1,14,Budget,18270.0
76,20250228,1,14,Actual,18529.84
77,20250228,2,1,Budget,284200.0
78,20250228,2,1,Actual,296535.65
79,20250228,2,2,Budget,60900.0
80,20250228,2,2,Actual,61465.29
81,20250228,2,3,Budget,121800.0
82,20250228,2,3,Actual,124790.02
83,20250228,2,7,Budget,111650.0
84,20250228,2,7,Actual,105564.96
85,20250228,2,8,Budget,22330.0
86,20250228,2,8,Actual,21600.88
87,20250228,2,13,Budget,25375.0
88,20250228,2,13,Actual,24733.69
89,20250228,2,15,Budget,8120.0
90,20250228,2,15,Actual,7710.55
91,20250228,3,7,Budget,65975.0
92,20250228,3,7,Actual,63859.51
93,20250228,3,8,Budget,13195.0
94,20250228,3,8,Actual,12563.23
95,20250228,3,9,Budget,86275.0
96,20250228,3,9,Actual,83976.36
97,20250228,3,10,Budget,30450.0
98,20250228,3,10,Actual,30945.79
99,20250228,3,11,Budget,12180.0
100,20250228,3,11,Actual,11982.44
101,20250228,4,4,Budget,40600.0
102,20250228,4,4,Actual,39967.52
103,20250228,4,7,Budget,162400.0
104,20250228,4,7,Actual,156738.87
105,20250228,4,8,Budget,32480.0
106,20250228,4,8,Actual,31571.77
107,20250228,4,11,Budget,28420.0
108,20250228,4,11,Actual,29909.17
109,20250228,4,15,Budget,15225.0
110,20250228,4,15,Actual,15495.46
111,20250228,5,2,Budget,30450.0
112,20250228,5,2,Actual,30848.76
113,20250228,5,5,Budget,25375.0
114,20250228,5,5,Actual,24373.62
115,20250228,5,6,Budget,12180.0
116,20250228,5,6,Actual,12514.89
117,20250228,5,7,Budget,55825.0
118,20250228,5,7,Actual,53570.13
119,20250228,5,8,Budget,11165.0
120,20250228,5,8,Actual,11003.49
121,20250228,5,11,Budget,6090.0
122,20250228,5,11,Actual,6447.74
123,20250228,6,7,Budget,48720.0
124,20250228,6,7,Actual,49538.49
125,20250228,6,8,Budget,9744.0
126,20250228,6,8,Actual,9810.59
127,20250228,6,12,Budget,15225.0
128,20250228,6,12,Actual,15562.29
129,20250228,6,13,Budget,6090.0
130,20250228,6,13,Actual,6340.56
131,20250228,6,14,Budget,5075.0
132,20250228,6,14,Actual,5243.08
133,20250331,1,7,Budget,46350.0
134,20250331,1,7,Actual,44842.97
135,20250331,1,8,Budget,9270.0
136,20250331,1,8,Actual,8749.51
137,20250331,1,11,Budget,8240.0
138,20250331,1,11,Actual,8057.52
139,20250331,1,12,Budget,22660.0
140,20250331,1,12,Actual,22028.44
141,20250331,1,14,Budget,18540.0
142,20250331,1,14,Actual,17896.99
143,20250331,2,1,Budget,288400.0
144,20250331,2,1,Actual,303728.22
145,20250331,2,2,Budget,61800.0
146,20250331,2,2,Actual,64591.14
147,20250331,2,3,Budget,123600.0
148,20250331,2,3,Actual,120851.3
149,20250331,2,7,Budget,113300.0
150,20250331,2,7,Actual,115413.34
151,20250331,2,8,Budget,22660.0
152,20250331,2,8,Actual,22376.2
153,20250331,2,13,Budget,25750.0
154,20250331,2,13,Actual,27030.95
155,20250331,2,15,Budget,8240.0
156,20250331,2,15,Actual,8199.31
157,20250331,3,7,Budget,66950.0
158,20250331,3,7,Actual,65061.05
159,20250331,3,8,Budget,13390.0
160,20250331,3,8,Actual,12982.88
161,20250331,3,9,Budget,87550.0
162,20250331,3,9,Actual,103309.0
163,20250331,3,10,Budget,30900.0
164,20250331,3,10,Actual,31127.55
165,20250331,3,11,Budget,12360.0
166,20250331,3,11,Actual,12008.1
167,20250331,4,4,Budget,41200.0
168,20250331,4,4,Actual,41618.19
169,20250331,4,7,Budget,164800.0
170,20250331,4,7,Actual,172667.35
171,20250331,4,8,Budget,32960.0
172,20250331,4,8,Actual,32562.11
173,20250331,4,11,Budget,28840.0
174,20250331,4,11,Actual,27868.63
175,20250331,4,15,Budget,15450.0
176,20250331,4,15,Actual,16372.43
177,20250331,5,2,Budget,30900.0
178,20250331,5,2,Actual,30935.32
179,20250331,5,5,Budget,25750.0
180,20250331,5,5,Actual,24485.91
181,20250331,5,6,Budget,12360.0
182,20250331,5,6,Actual,11688.28
183,20250331,5,7,Budget,56650.0
184,20250331,5,7,Actual,53996.39
185,20250331,5,8,Budget,11330.0
186,20250331,5,8,Actual,11503.28
187,20250331,5,11,Budget,6180.0
188,20250331,5,11,Actual,6396.61
189,20250331,6,7,Budget,49440.0
190,20250331,6,7,Actual,48978.19
191,20250331,6,8,Budget,9888.0
192,20250331,6,8,Actual,9370.1
193,20250331,6,12,Budget,15450.0
194,20250331,6,12,Actual,15230.52
195,20250331,6,13,Budget,6180.0
196,20250331,6,13,Actual,6547.92
197,20250331,6,14,Budget,5150.0
198,20250331,6,14,Actual,5167.99
199,20250430,1,7,Budget,47025.0
200,20250430,1,7,Actual,49683.3
201,20250430,1,8,Budget,9405.0
202,20250430,1,8,Actual,9812.18
203,20250430,1,11,Budget,8360.0
204,20250430,1,11,Actual,7869.92
205,20250430,1,12,Budget,22990.0
206,20250430,1,12,Actual,23598.93
207,20250430,1,14,Budget,18810.0
208,20250430,1,14,Actual,19220.16
209,20250430,2,1,Budget,292600.0
210,20250430,2,1,Actual,293898.1
211,20250430,2,2,Budget,62700.0
212,20250430,2,2,Actual,60945.59
213,20250430,2,3,Budget,125400.0
214,20250430,2,3,Actual,127521.19
215,20250430,2,7,Budget,114950.0
216,20250430,2,7,Actual,109591.75
217,20250430,2,8,Budget,22990.0
218,20250430,2,8,Actual,22810.03
219,20250430,2,13,Budget,26125.0
220,20250430,2,13,Actual,25979.92
221,20250430,2,15,Budget,8360.0
222,20250430,2,15,Actual,8815.27
223,20250430,3,7,Budget,67925.0
224,20250430,3,7,Actual,70988.58
225,20250430,3,8,Budget,13585.0
226,20250430,3,8,Actual,13199.28
227,20250430,3,9,Budget,88825.0
228,20250430,3,9,Actual,88831.25
229,20250430,3,10,Budget,31350.0
230,20250430,3,10,Actual,30141.09
231,20250430,3,11,Budget,12540.0
232,20250430,3,11,Actual,13160.92
233,20250430,4,4,Budget,41800.0
234,20250430,4,4,Actual,43658.52
235,20250430,4,7,Budget,167200.0
236,20250430,4,7,Actual,163156.0
237,20250430,4,8,Budget,33440.0
238,20250430,4,8,Actual,33997.58
239,20250430,4,11,Budget,29260.0
240,20250430,4,11,Actual,29642.62
241,20250430,4,15,Budget,15675.0
242,20250430,4,15,Actual,15021.99
243,20250430,5,2,Budget,31350.0
244,20250430,5,2,Actual,32337.57
245,20250430,5,5,Budget,26125.0
246,20250430,5,5,Actual,26248.45
247,20250430,5,6,Budget,12540.0
248,20250430,5,6,Actual,12959.28
249,20250430,5,7,Budget,57475.0
250,20250430,5,7,Actual,57684.35
251,20250430,5,8,Budget,11495.0
252,20250430,5,8,Actual,10806.09
253,20250430,5,11,Budget,6270.0
254,20250430,5,11,Actual,6137.7
255,20250430,6,7,Budget,50160.0
256,20250430,6,7,Actual,47267.63
257,20250430,6,8,Budget,10032.0
258,20250430,6,8,Actual,10548.57
259,20250430,6,12,Budget,15675.0
260,20250430,6,12,Actual,16387.38
261,20250430,6,13,Budget,6270.0
262,20250430,6,13,Actual,6519.55
263,20250430,6,14,Budget,5225.0
264,20250430,6,14,Actual,5104.31
265,20250531,1,7,Budget,47700.0
266,20250531,1,7,Actual,45169.56
267,20250531,1,8,Budget,9540.0
268,20250531,1,8,Actual,9972.75
269,20250531,1,11,Budget,8480.0
270,20250531,1,11,Actual,8934.82
271,20250531,1,12,Budget,23320.0
272,20250531,1,12,Actual,22160.49
273,20250531,1,14,Budget,19080.0
274,20250531,1,14,Actual,19047.92
275,20250531,2,1,Budget,296800.0
276,20250531,2,1,Actual,338352.0
277,20250531,2,2,Budget,63600.0
278,20250531,2,2,Actual,60312.23
279,20250531,2,3,Budget,127200.0
280,20250531,2,3,Actual,131177.83
281,20250531,2,7,Budget,116600.0
282,20250531,2,7,Actual,120319.56
283,20250531,2,8,Budget,23320.0
284,20250531,2,8,Actual,22280.09
285,20250531,2,13,Budget,26500.0
286,20250531,2,13,Actual,26421.4
287,20250531,2,15,Budget,8480.0
288,20250531,2,15,Actual,8530.68
289,20250531,3,7,Budget,68900.0
290,20250531,3,7,Actual,66957.49
291,20250531,3,8,Budget,13780.0
292,20250531,3,8,Actual,14395.86
293,20250531,3,9,Budget,90100.0
294,20250531,3,9,Actual,89268.97
295,20250531,3,10,Budget,31800.0
296,20250531,3,10,Actual,30700.22
297,20250531,3,11,Budget,12720.0
298,20250531,3,11,Actual,12779.98
299,20250531,4,4,Budget,42400.0
300,20250531,4,4,Actual,43569.89
301,20250531,4,7,Budget,169600.0
302,20250531,4,7,Actual,163517.83
303,20250531,4,8,Budget,33920.0
304,20250531,4,8,Actual,33153.61
305,20250531,4,11,Budget,29680.0
306,20250531,4,11,Actual,31443.52
307,20250531,4,15,Budget,15900.0
308,20250531,4,15,Actual,16185.97
309,20250531,5,2,Budget,31800.0
310,20250531,5,2,Actual,31563.79
311,20250531,5,5,Budget,26500.0
312,20250531,5,5,Actual,26555.89
313,20250531,5,6,Budget,12720.0
314,20250531,5,6,Actual,12141.5
315,20250531,5,7,Budget,58300.0
316,20250531,5,7,Actual,56373.98
317,20250531,5,8,Budget,11660.0
318,20250531,5,8,Actual,11433.45
319,20250531,5,11,Budget,6360.0
320,20250531,5,11,Actual,6427.4
321,20250531,6,7,Budget,50880.0
322,20250531,6,7,Actual,49232.19
323,20250531,6,8,Budget,10176.0
324,20250531,6,8,Actual,9834.35
325,20250531,6,12,Budget,15900.0
326,20250531,6,12,Actual,15081.45
327,20250531,6,13,Budget,6360.0
328,20250531,6,13,Actual,6460.06
329,20250531,6,14,Budget,5300.0
330,20250531,6,14,Actual,5127.61
331,20250630,1,7,Budget,48375.0
332,20250630,1,7,Actual,50728.46
333,20250630,1,8,Budget,9675.0
334,20250630,1,8,Actual,10092.54
335,20250630,1,11,Budget,8600.0
336,20250630,1,11,Actual,8157.12
337,20250630,1,12,Budget,23650.0
338,20250630,1,12,Actual,22906.46
339,20250630,1,14,Budget,19350.0
340,20250630,1,14,Actual,19742.37
341,20250630,2,1,Budget,301000.0
342,20250630,2,1,Actual,290678.23
343,20250630,2,2,Budget,64500.0
344,20250630,2,2,Actual,61654.09
345,20250630,2,3,Budget,129000.0
346,20250630,2,3,Actual,135741.76
347,20250630,2,7,Budget,118250.0
348,20250630,2,7,Actual,119258.1
349,20250630,2,8,Budget,23650.0
350,20250630,2,8,Actual,23572.44
351,20250630,2,13,Budget,26875.0
352,20250630,2,13,Actual,27792.9
353,20250630,2,15,Budget,8600.0
354,20250630,2,15,Actual,8917.34
355,20250630,3,7,Budget,69875.0
356,20250630,3,7,Actual,67279.09
357,20250630,3,8,Budget,13975.0
358,20250630,3,8,Actual,13299.05
359,20250630,3,9,Budget,91375.0
360,20250630,3,9,Actual,90618.98
361,20250630,3,10,Budget,32250.0
362,20250630,3,10,Actual,31954.25
363,20250630,3,11,Budget,12900.0
364,20250630,3,11,Actual,12848.95
365,20250630,4,4,Budget,43000.0
366,20250630,4,4,Actual,44182.03
367,20250630,4,7,Budget,172000.0
368,20250630,4,7,Actual,175578.24
369,20250630,4,8,Budget,34400.0
370,20250630,4,8,Actual,36398.63
371,20250630,4,11,Budget,30100.0
372,20250630,4,11,Actual,28649.49
373,20250630,4,15,Budget,16125.0
374,20250630,4,15,Actual,15936.57
375,20250630,5,2,Budget,32250.0
376,20250630,5,2,Actual,31628.1
377,20250630,5,5,Budget,26875.0
378,20250630,5,5,Actual,28041.39
379,20250630,5,6,Budget,12900.0
380,20250630,5,6,Actual,12510.92
381,20250630,5,7,Budget,59125.0
382,20250630,5,7,Actual,56927.03
383,20250630,5,8,Budget,11825.0
384,20250630,5,8,Actual,11752.08
385,20250630,5,11,Budget,6450.0
386,20250630,5,11,Actual,6389.54
387,20250630,6,7,Budget,51600.0
388,20250630,6,7,Actual,50228.75
389,20250630,6,8,Budget,10320.0
390,20250630,6,8,Actual,10010.16
391,20250630,6,12,Budget,16125.0
392,20250630,6,12,Actual,16944.02
393,20250630,6,13,Budget,6450.0
394,20250630,6,13,Actual,6405.98
395,20250630,6,14,Budget,5375.0
396,20250630,6,14,Actual,5608.07
397,20250731,1,7,Budget,49050.0
398,20250731,1,7,Actual,49346.21
399,20250731,1,8,Budget,9810.0
400,20250731,1,8,Actual,9280.95
401,20250731,1,11,Budget,8720.0
402,20250731,1,11,Actual,9242.45
403,20250731,1,12,Budget,23980.0
404,20250731,1,12,Actual,24946.95
405,20250731,1,14,Budget,19620.0
406,20250731,1,14,Actual,20724.2
407,20250731,2,1,Budget,305200.0
408,20250731,2,1,Actual,320815.26
409,20250731,2,2,Budget,65400.0
410,20250731,2,2,Actual,68136.56
411,20250731,2,3,Budget,130800.0
412,20250731,2,3,Actual,125562.42
413,20250731,2,7,Budget,119900.0
414,20250731,2,7,Actual,119693.4
415,20250731,2,8,Budget,23980.0
416,20250731,2,8,Actual,23156.28
417,20250731,2,13,Budget,27250.0
418,20250731,2,13,Actual,26926.4
419,20250731,2,15,Budget,8720.0
420,20250731,2,15,Actual,8258.16
421,20250731,3,7,Budget,70850.0
422,20250731,3,7,Actual,69821.03
423,20250731,3,8,Budget,14170.0
424,20250731,3,8,Actual,14995.22
425,20250731,3,9,Budget,92650.0
426,20250731,3,9,Actual,90039.53
427,20250731,3,10,Budget,32700.0
428,20250731,3,10,Actual,33814.69
429,20250731,3,11,Budget,13080.0
430,20250731,3,11,Actual,13009.38
431,20250731,4,4,Budget,43600.0
432,20250731,4,4,Actual,54500.0
433,20250731,4,7,Budget,174400.0
434,20250731,4,7,Actual,172788.7
435,20250731,4,8,Budget,34880.0
436,20250731,4,8,Actual,36794.15
437,20250731,4,11,Budget,30520.0
438,20250731,4,11,Actual,32334.44
439,20250731,4,15,Budget,16350.0
440,20250731,4,15,Actual,16459.42
441,20250731,5,2,Budget,32700.0
442,20250731,5,2,Actual,33557.03
443,20250731,5,5,Budget,27250.0
444,20250731,5,5,Actual,26121.19
445,20250731,5,6,Budget,13080.0
446,20250731,5,6,Actual,12760.91
447,20250731,5,7,Budget,59950.0
448,20250731,5,7,Actual,63321.9
449,20250731,5,8,Budget,11990.0
450,20250731,5,8,Actual,12103.92
451,20250731,5,11,Budget,6540.0
452,20250731,5,11,Actual,6573.11
453,20250731,6,7,Budget,52320.0
454,20250731,6,7,Actual,53876.89
455,20250731,6,8,Budget,10464.0
456,20250731,6,8,Actual,9907.94
457,20250731,6,12,Budget,16350.0
458,20250731,6,12,Actual,16515.16
459,20250731,6,13,Budget,6540.0
460,20250731,6,13,Actual,6542.24
461,20250731,6,14,Budget,5450.0
462,20250731,6,14,Actual,5680.68
463,20250831,1,7,Budget,49725.0
464,20250831,1,7,Actual,47680.9
465,20250831,1,8,Budget,9945.0
466,20250831,1,8,Actual,10494.89
467,20250831,1,11,Budget,8840.0
468,20250831,1,11,Actual,8394.58
469,20250831,1,12,Budget,24310.0
470,20250831,1,12,Actual,23393.49
471,20250831,1,14,Budget,19890.0
472,20250831,1,14,Actual,26851.5
473,20250831,2,1,Budget,309400.0
474,20250831,2,1,Actual,312928.46
475,20250831,2,2,Budget,66300.0
476,20250831,2,2,Actual,67693.99
477,20250831,2,3,Budget,132600.0
478,20250831,2,3,Actual,128386.56
479,20250831,2,7,Budget,121550.0
480,20250831,2,7,Actual,116005.67
481,20250831,2,8,Budget,24310.0
482,20250831,2,8,Actual,25448.55
483,20250831,2,13,Budget,27625.0
484,20250831,2,13,Actual,26783.7
485,20250831,2,15,Budget,8840.0
486,20250831,2,15,Actual,8940.27
487,20250831,3,7,Budget,71825.0
488,20250831,3,7,Actual,72853.95
489,20250831,3,8,Budget,14365.0
490,20250831,3,8,Actual,14225.76
491,20250831,3,9,Budget,93925.0
492,20250831,3,9,Actual,94868.07
493,20250831,3,10,Budget,33150.0
494,20250831,3,10,Actual,33240.63
495,20250831,3,11,Budget,13260.0
496,20250831,3,11,Actual,13951.7
497,20250831,4,4,Budget,44200.0
498,20250831,4,4,Actual,42631.39
499,20250831,4,7,Budget,176800.0
500,20250831,4,7,Actual,181386.73
501,20250831,4,8,Budget,35360.0
502,20250831,4,8,Actual,34251.19
503,20250831,4,11,Budget,30940.0
504,20250831,4,11,Actual,30553.07
505,20250831,4,15,Budget,16575.0
506,20250831,4,15,Actual,16916.49
507,20250831,5,2,Budget,33150.0
508,20250831,5,2,Actual,32354.39
509,20250831,5,5,Budget,27625.0
510,20250831,5,5,Actual,27015.63
511,20250831,5,6,Budget,13260.0
512,20250831,5,6,Actual,13660.77
513,20250831,5,7,Budget,60775.0
514,20250831,5,7,Actual,57657.56
515,20250831,5,8,Budget,12155.0
516,20250831,5,8,Actual,12094.16
517,20250831,5,11,Budget,6630.0
518,20250831,5,11,Actual,7026.57
519,20250831,6,7,Budget,53040.0
520,20250831,6,7,Actual,56197.55
521,20250831,6,8,Budget,10608.0
522,20250831,6,8,Actual,10064.78
523,20250831,6,12,Budget,16575.0
524,20250831,6,12,Actual,16004.46
525,20250831,6,13,Budget,6630.0
526,20250831,6,13,Actual,6443.19
527,20250831,6,14,Budget,5525.0
528,20250831,6,14,Actual,5812.25
529,20250930,1,7,Budget,50400.0
530,20250930,1,7,Actual,52703.47
531,20250930,1,8,Budget,10080.0
532,20250930,1,8,Actual,10538.77
533,20250930,1,11,Budget,8960.0
534,20250930,1,11,Actual,8819.72
535,20250930,1,12,Budget,24640.0
536,20250930,1,12,Actual,23628.03
537,20250930,1,14,Budget,20160.0
538,20250930,1,14,Actual,20967.4
539,20250930,2,1,Budget,313600.0
540,20250930,2,1,Actual,321259.61
541,20250930,2,2,Budget,67200.0
542,20250930,2,2,Actual,68100.57
543,20250930,2,3,Budget,134400.0
544,20250930,2,3,Actual,142258.09
545,20250930,2,7,Budget,123200.0
546,20250930,2,7,Actual,125476.39
547,20250930,2,8,Budget,24640.0
548,20250930,2,8,Actual,23184.73
549,20250930,2,13,Budget,28000.0
550,20250930,2,13,Actual,29065.47
551,20250930,2,15,Budget,8960.0
552,20250930,2,15,Actual,8744.29
553,20250930,3,7,Budget,72800.0
554,20250930,3,7,Actual,74227.36
555,20250930,3,8,Budget,14560.0
556,20250930,3,8,Actual,15326.9
557,20250930,3,9,Budget,95200.0
558,20250930,3,9,Actual,91022.14
559,20250930,3,10,Budget,33600.0
560,20250930,3,10,Actual,32049.41
561,20250930,3,11,Budget,13440.0
562,20250930,3,11,Actual,12806.23
563,20250930,4,4,Budget,44800.0
564,20250930,4,4,Actual,45086.13
565,20250930,4,7,Budget,179200.0
566,20250930,4,7,Actual,174304.58
567,20250930,4,8,Budget,35840.0
568,20250930,4,8,Actual,36290.85
569,20250930,4,11,Budget,31360.0
570,20250930,4,11,Actual,32178.92
571,20250930,4,15,Budget,16800.0
572,20250930,4,15,Actual,16202.45
573,20250930,5,2,Budget,33600.0
574,20250930,5,2,Actual,34141.25
575,20250930,5,5,Budget,28000.0
576,20250930,5,5,Actual,27206.99
577,20250930,5,6,Budget,13440.0
578,20250930,5,6,Actual,13421.5
579,20250930,5,7,Budget,61600.0
580,20250930,5,7,Actual,64596.25
581,20250930,5,8,Budget,12320.0
582,20250930,5,8,Actual,12831.68
583,20250930,5,11,Budget,6720.0
584,20250930,5,11,Actual,6391.23
585,20250930,6,7,Budget,53760.0
586,20250930,6,7,Actual,53266.97
587,20250930,6,8,Budget,10752.0
588,20250930,6,8,Actual,10463.86
589,20250930,6,12,Budget,16800.0
590,20250930,6,12,Actual,15799.15
591,20250930,6,13,Budget,6720.0
592,20250930,6,13,Actual,6938.63
593,20250930,6,14,Budget,5600.0
594,20250930,6,14,Actual,5692.14
595,20251031,1,7,Budget,51075.0
596,20251031,1,7,Actual,49616.02
597,20251031,1,8,Budget,10215.0
598,20251031,1,8,Actual,10510.7
599,20251031,1,11,Budget,9080.0
600,20251031,1,11,Actual,9136.31
601,20251031,1,12,Budget,24970.0
602,20251031,1,12,Actual,24753.32
603,20251031,1,14,Budget,20430.0
604,20251031,1,14,Actual,19227.91
605,20251031,2,1,Budget,317800.0
606,20251031,2,1,Actual,301601.5
607,20251031,2,2,Budget,68100.0
608,20251031,2,2,Actual,71230.75
609,20251031,2,3,Budget,136200.0
610,20251031,2,3,Actual,142801.81
611,20251031,2,7,Budget,124850.0
612,20251031,2,7,Actual,125533.03
613,20251031,2,8,Budget,24970.0
614,20251031,2,8,Actual,25972.58
615,20251031,2,13,Budget,28375.0
616,20251031,2,13,Actual,28655.95
617,20251031,2,15,Budget,9080.0
618,20251031,2,15,Actual,8696.56
619,20251031,3,7,Budget,73775.0
620,20251031,3,7,Actual,70476.78
621,20251031,3,8,Budget,14755.0
622,20251031,3,8,Actual,14415.5
623,20251031,3,9,Budget,96475.0
624,20251031,3,9,Actual,101094.01
625,20251031,3,10,Budget,34050.0
626,20251031,3,10,Actual,35259.96
627,20251031,3,11,Budget,13620.0
628,20251031,3,11,Actual,14209.53
629,20251031,4,4,Budget,45400.0
630,20251031,4,4,Actual,47573.34
631,20251031,4,7,Budget,181600.0
632,20251031,4,7,Actual,175281.99
633,20251031,4,8,Budget,36320.0
634,20251031,4,8,Actual,35228.35
635,20251031,4,11,Budget,31780.0
636,20251031,4,11,Actual,30265.21
637,20251031,4,15,Budget,17025.0
638,20251031,4,15,Actual,17597.28
639,20251031,5,2,Budget,34050.0
640,20251031,5,2,Actual,35619.57
641,20251031,5,5,Budget,28375.0
642,20251031,5,5,Actual,28056.22
643,20251031,5,6,Budget,13620.0
644,20251031,5,6,Actual,13817.21
645,20251031,5,7,Budget,62425.0
646,20251031,5,7,Actual,59837.26
647,20251031,5,8,Budget,12485.0
648,20251031,5,8,Actual,13129.05
649,20251031,5,11,Budget,6810.0
650,20251031,5,11,Actual,7107.96
651,20251031,6,7,Budget,54480.0
652,20251031,6,7,Actual,57593.24
653,20251031,6,8,Budget,10896.0
654,20251031,6,8,Actual,11302.34
655,20251031,6,12,Budget,17025.0
656,20251031,6,12,Actual,17804.23
657,20251031,6,13,Budget,6810.0
658,20251031,6,13,Actual,6421.66
659,20251031,6,14,Budget,5675.0
660,20251031,6,14,Actual,5836.1
661,20251130,1,7,Budget,51750.0
662,20251130,1,7,Actual,50707.87
663,20251130,1,8,Budget,10350.0
664,20251130,1,8,Actual,10885.07
665,20251130,1,11,Budget,9200.0
666,20251130,1,11,Actual,9533.67
667,20251130,1,12,Budget,25300.0
668,20251130,1,12,Actual,26405.3
669,20251130,1,14,Budget,20700.0
670,20251130,1,14,Actual,21471.9
671,20251130,2,1,Budget,322000.0
672,20251130,2,1,Actual,312989.37
673,20251130,2,2,Budget,69000.0
674,20251130,2,2,Actual,71379.46
675,20251130,2,3,Budget,138000.0
676,20251130,2,3,Actual,131510.06
677,20251130,2,7,Budget,126500.0
678,20251130,2,7,Actual,132149.49
679,20251130,2,8,Budget,25300.0
680,20251130,2,8,Actual,26388.69
681,20251130,2,13,Budget,28750.0
682,20251130,2,13,Actual,27792.4
683,20251130,2,15,Budget,9200.0
684,20251130,2,15,Actual,9549.51
685,20251130,3,7,Budget,74750.0
686,20251130,3,7,Actual,74393.92
687,20251130,3,8,Budget,14950.0
688,20251130,3,8,Actual,14600.51
689,20251130,3,9,Budget,97750.0
690,20251130,3,9,Actual,101214.4
691,20251130,3,10,Budget,34500.0
692,20251130,3,10,Actual,28290.0
693,20251130,3,11,Budget,13800.0
694,20251130,3,11,Actual,13348.9
695,20251130,4,4,Budget,46000.0
696,20251130,4,4,Actual,43370.63
697,20251130,4,7,Budget,184000.0
698,20251130,4,7,Actual,177224.31
699,20251130,4,8,Budget,36800.0
700,20251130,4,8,Actual,36041.6
701,20251130,4,11,Budget,32200.0
702,20251130,4,11,Actual,33607.86
703,20251130,4,15,Budget,17250.0
704,20251130,4,15,Actual,18216.46
705,20251130,5,2,Budget,34500.0
706,20251130,5,2,Actual,33585.58
707,20251130,5,5,Budget,28750.0
708,20251130,5,5,Actual,29238.11
709,20251130,5,6,Budget,13800.0
710,20251130,5,6,Actual,13633.87
711,20251130,5,7,Budget,63250.0
712,20251130,5,7,Actual,66901.93
713,20251130,5,8,Budget,12650.0
714,20251130,5,8,Actual,12704.98
715,20251130,5,11,Budget,6900.0
716,20251130,5,11,Actual,7263.69
717,20251130,6,7,Budget,55200.0
718,20251130,6,7,Actual,52652.02
719,20251130,6,8,Budget,11040.0
720,20251130,6,8,Actual,11663.19
721,20251130,6,12,Budget,17250.0
722,20251130,6,12,Actual,16584.64
723,20251130,6,13,Budget,6900.0
724,20251130,6,13,Actual,7282.98
725,20251130,6,14,Budget,5750.0
726,20251130,6,14,Actual,5588.17
727,20251231,1,7,Budget,52425.0
728,20251231,1,7,Actual,49961.46
729,20251231,1,8,Budget,10485.0
730,20251231,1,8,Actual,10402.67
731,20251231,1,11,Budget,9320.0
732,20251231,1,11,Actual,9575.6
733,20251231,1,12,Budget,25630.0
734,20251231,1,12,Actual,25056.95
735,20251231,1,14,Budget,20970.0
736,20251231,1,14,Actual,21237.26
737,20251231,2,1,Budget,326200.0
738,20251231,2,1,Actual,326647.14
739,20251231,2,2,Budget,69900.0
740,20251231,2,2,Actual,68937.02
741,20251231,2,3,Budget,139800.0
742,20251231,2,3,Actual,170556.0
743,20251231,2,7,Budget,128150.0
744,20251231,2,7,Actual,129327.77
745,20251231,2,8,Budget,25630.0
746,20251231,2,8,Actual,24875.62
747,20251231,2,13,Budget,29125.0
748,20251231,2,13,Actual,29854.7
749,20251231,2,15,Budget,9320.0
750,20251231,2,15,Actual,8762.69
751,20251231,3,7,Budget,75725.0
752,20251231,3,7,Actual,79592.2
753,20251231,3,8,Budget,15145.0
754,20251231,3,8,Actual,15214.88
755,20251231,3,9,Budget,99025.0
756,20251231,3,9,Actual,101632.49
757,20251231,3,10,Budget,34950.0
758,20251231,3,10,Actual,35964.74
759,20251231,3,11,Budget,13980.0
760,20251231,3,11,Actual,14266.25
761,20251231,4,4,Budget,46600.0
762,20251231,4,4,Actual,45840.73
763,20251231,4,7,Budget,186400.0
764,20251231,4,7,Actual,176781.17
765,20251231,4,8,Budget,37280.0
766,20251231,4,8,Actual,38014.73
767,20251231,4,11,Budget,32620.0
768,20251231,4,11,Actual,31955.34
769,20251231,4,15,Budget,17475.0
770,20251231,4,15,Actual,17084.78
771,20251231,5,2,Budget,34950.0
772,20251231,5,2,Actual,36409.58
773,20251231,5,5,Budget,29125.0
774,20251231,5,5,Actual,29893.04
775,20251231,5,6,Budget,13980.0
776,20251231,5,6,Actual,13645.02
777,20251231,5,7,Budget,64075.0
778,20251231,5,7,Actual,62608.59
779,20251231,5,8,Budget,12815.0
780,20251231,5,8,Actual,12674.13
781,20251231,5,11,Budget,6990.0
782,20251231,5,11,Actual,6908.13
783,20251231,6,7,Budget,55920.0
784,20251231,6,7,Actual,54548.76
785,20251231,6,8,Budget,11184.0
786,20251231,6,8,Actual,10683.79
787,20251231,6,12,Budget,17475.0
788,20251231,6,12,Actual,17308.18
789,20251231,6,13,Budget,6990.0
790,20251231,6,13,Actual,7359.38
791,20251231,6,14,Budget,5825.0
792,20251231,6,14,Actual,5948.95
793,20260131,1,7,Budget,53100.0
794,20260131,1,7,Actual,55666.68
795,20260131,1,8,Budget,10620.0
796,20260131,1,8,Actual,10767.21
797,20260131,1,11,Budget,9440.0
798,20260131,1,11,Actual,9214.52
799,20260131,1,12,Budget,25960.0
800,20260131,1,12,Actual,26109.33
801,20260131,1,14,Budget,21240.0
802,20260131,1,14,Actual,19966.63
803,20260131,2,1,Budget,330400.0
804,20260131,2,1,Actual,321951.56
805,20260131,2,2,Budget,70800.0
806,20260131,2,2,Actual,70204.33
807,20260131,2,3,Budget,141600.0
808,20260131,2,3,Actual,142959.1
809,20260131,2,7,Budget,129800.0
810,20260131,2,7,Actual,132209.69
811,20260131,2,8,Budget,25960.0
812,20260131,2,8,Actual,25850.93
813,20260131,2,13,Budget,29500.0
814,20260131,2,13,Actual,29295.25
815,20260131,2,15,Budget,9440.0
816,20260131,2,15,Actual,9115.68
817,20260131,3,7,Budget,76700.0
818,20260131,3,7,Actual,76453.21
819,20260131,3,8,Budget,15340.0
820,20260131,3,8,Actual,16078.49
821,20260131,3,9,Budget,100300.0
822,20260131,3,9,Actual,103862.95
823,20260131,3,10,Budget,35400.0
824,20260131,3,10,Actual,33996.85
825,20260131,3,11,Budget,14160.0
826,20260131,3,11,Actual,13454.48
827,20260131,4,4,Budget,47200.0
828,20260131,4,4,Actual,47287.52
829,20260131,4,7,Budget,188800.0
830,20260131,4,7,Actual,191811.91
831,20260131,4,8,Budget,37760.0
832,20260131,4,8,Actual,37013.21
833,20260131,4,11,Budget,33040.0
834,20260131,4,11,Actual,34302.49
835,20260131,4,15,Budget,17700.0
836,20260131,4,15,Actual,18233.42
837,20260131,5,2,Budget,35400.0
838,20260131,5,2,Actual,36134.04
839,20260131,5,5,Budget,29500.0
840,20260131,5,5,Actual,28525.23
841,20260131,5,6,Budget,14160.0
842,20260131,5,6,Actual,13648.76
843,20260131,5,7,Budget,64900.0
844,20260131,5,7,Actual,61196.22
845,20260131,5,8,Budget,12980.0
846,20260131,5,8,Actual,12582.57
847,20260131,5,11,Budget,7080.0
848,20260131,5,11,Actual,7058.88
849,20260131,6,7,Budget,56640.0
850,20260131,6,7,Actual,59017.1
851,20260131,6,8,Budget,11328.0
852,20260131,6,8,Actual,10747.32
853,20260131,6,12,Budget,17700.0
854,20260131,6,12,Actual,17518.27
855,20260131,6,13,Budget,7080.0
856,20260131,6,13,Actual,7190.25
857,20260131,6,14,Budget,5900.0
858,20260131,6,14,Actual,5683.66
859,20260228,1,7,Budget,53775.0
860,20260228,1,7,Actual,55042.07
861,20260228,1,8,Budget,10755.0
862,20260228,1,8,Actual,10747.74
863,20260228,1,11,Budget,9560.0
864,20260228,1,11,Actual,9266.3
865,20260228,1,12,Budget,26290.0
866,20260228,1,12,Actual,26782.33
867,20260228,1,14,Budget,21510.0
868,20260228,1,14,Actual,20233.71
869,20260228,2,1,Budget,334600.0
870,20260228,2,1,Actual,344676.73
871,20260228,2,2,Budget,71700.0
872,20260228,2,2,Actual,74023.48
873,20260228,2,3,Budget,143400.0
874,20260228,2,3,Actual,136630.15
875,20260228,2,7,Budget,131450.0
876,20260228,2,7,Actual,130269.26
877,20260228,2,8,Budget,26290.0
878,20260228,2,8,Actual,25267.49
879,20260228,2,13,Budget,29875.0
880,20260228,2,13,Actual,31516.81
881,20260228,2,15,Budget,9560.0
882,20260228,2,15,Actual,9580.6
883,20260228,3,7,Budget,77675.0
884,20260228,3,7,Actual,73482.59
885,20260228,3,8,Budget,15535.0
886,20260228,3,8,Actual,15067.46
887,20260228,3,9,Budget,101575.0
888,20260228,3,9,Actual,105820.87
889,20260228,3,10,Budget,35850.0
890,20260228,3,10,Actual,35662.7
891,20260228,3,11,Budget,14340.0
892,20260228,3,11,Actual,14858.68
893,20260228,4,4,Budget,47800.0
894,20260228,4,4,Actual,48761.23
895,20260228,4,7,Budget,191200.0
896,20260228,4,7,Actual,202394.2
897,20260228,4,8,Budget,38240.0
898,20260228,4,8,Actual,38678.01
899,20260228,4,11,Budget,33460.0
900,20260228,4,11,Actual,38813.6
901,20260228,4,15,Budget,17925.0
902,20260228,4,15,Actual,18893.04
903,20260228,5,2,Budget,35850.0
904,20260228,5,2,Actual,37533.91
905,20260228,5,5,Budget,29875.0
906,20260228,5,5,Actual,30278.86
907,20260228,5,6,Budget,14340.0
908,20260228,5,6,Actual,14717.33
909,20260228,5,7,Budget,65725.0
910,20260228,5,7,Actual,65762.69
911,20260228,5,8,Budget,13145.0
912,20260228,5,8,Actual,13666.44
913,20260228,5,11,Budget,7170.0
914,20260228,5,11,Actual,7211.19
915,20260228,6,7,Budget,57360.0
916,20260228,6,7,Actual,60094.06
917,20260228,6,8,Budget,11472.0
918,20260228,6,8,Actual,11807.43
919,20260228,6,12,Budget,17925.0
920,20260228,6,12,Actual,17870.52
921,20260228,6,13,Budget,7170.0
922,20260228,6,13,Actual,6962.81
923,20260228,6,14,Budget,5975.0
924,20260228,6,14,Actual,5793.77
925,20260331,1,7,Budget,54450.0
926,20260331,1,7,Actual,55349.48
927,20260331,1,8,Budget,10890.0
928,20260331,1,8,Actual,11237.37
929,20260331,1,11,Budget,9680.0
930,20260331,1,11,Actual,9704.74
931,20260331,1,12,Budget,26620.0
932,20260331,1,12,Actual,27024.89
933,20260331,1,14,Budget,21780.0
934,20260331,1,14,Actual,21190.89
935,20260331,2,1,Budget,338800.0
936,20260331,2,1,Actual,321622.16
937,20260331,2,2,Budget,72600.0
938,20260331,2,2,Actual,70733.26
939,20260331,2,3,Budget,145200.0
940,20260331,2,3,Actual,141222.36
941,20260331,2,7,Budget,133100.0
942,20260331,2,7,Actual,130220.4
943,20260331,2,8,Budget,26620.0
944,20260331,2,8,Actual,26748.26
945,20260331,2,13,Budget,30250.0
946,20260331,2,13,Actual,28937.3
947,20260331,2,15,Budget,9680.0
948,20260331,2,15,Actual,9367.83
949,20260331,3,7,Budget,78650.0
950,20260331,3,7,Actual,80480.5
951,20260331,3,8,Budget,15730.0
952,20260331,3,8,Actual,16119.64
953,20260331,3,9,Budget,102850.0
954,20260331,3,9,Actual,97471.71
955,20260331,3,10,Budget,36300.0
956,20260331,3,10,Actual,35897.5
957,20260331,3,11,Budget,14520.0
958,20260331,3,11,Actual,14594.25
959,20260331,4,4,Budget,48400.0
960,20260331,4,4,Actual,47910.82
961,20260331,4,7,Budget,193600.0
962,20260331,4,7,Actual,186789.18
963,20260331,4,8,Budget,38720.0
964,20260331,4,8,Actual,38348.95
965,20260331,4,11,Budget,33880.0
966,20260331,4,11,Actual,35525.91
967,20260331,4,15,Budget,18150.0
968,20260331,4,15,Actual,18333.12
969,20260331,5,2,Budget,36300.0
970,20260331,5,2,Actual,37151.7
971,20260331,5,5,Budget,30250.0
972,20260331,5,5,Actual,31544.94
973,20260331,5,6,Budget,14520.0
974,20260331,5,6,Actual,14982.77
975,20260331,5,7,Budget,66550.0
976,20260331,5,7,Actual,65594.72
977,20260331,5,8,Budget,13310.0
978,20260331,5,8,Actual,12520.82
979,20260331,5,11,Budget,7260.0
980,20260331,5,11,Actual,7130.85
981,20260331,6,7,Budget,58080.0
982,20260331,6,7,Actual,59846.62
983,20260331,6,8,Budget,11616.0
984,20260331,6,8,Actual,12108.68
985,20260331,6,12,Budget,18150.0
986,20260331,6,12,Actual,19137.57
987,20260331,6,13,Budget,7260.0
988,20260331,6,13,Actual,7189.45
989,20260331,6,14,Budget,6050.0
990,20260331,6,14,Actual,6229.7
991,20260430,1,7,Budget,55125.0
992,20260430,1,7,Actual,55430.17
993,20260430,1,8,Budget,11025.0
994,20260430,1,8,Actual,11161.6
995,20260430,1,11,Budget,9800.0
996,20260430,1,11,Actual,9471.35
997,20260430,1,12,Budget,26950.0
998,20260430,1,12,Actual,26042.61
999,20260430,1,14,Budget,22050.0
1000,20260430,1,14,Actual,21880.22
1001,20260430,2,1,Budget,343000.0
1002,20260430,2,1,Actual,323614.66
1003,20260430,2,2,Budget,73500.0
1004,20260430,2,2,Actual,72054.66
1005,20260430,2,3,Budget,147000.0
1006,20260430,2,3,Actual,150160.06
1007,20260430,2,7,Budget,134750.0
1008,20260430,2,7,Actual,133202.8
1009,20260430,2,8,Budget,26950.0
1010,20260430,2,8,Actual,25866.75
1011,20260430,2,13,Budget,30625.0
1012,20260430,2,13,Actual,39200.0
1013,20260430,2,15,Budget,9800.0
1014,20260430,2,15,Actual,9761.65
1015,20260430,3,7,Budget,79625.0
1016,20260430,3,7,Actual,76066.98
1017,20260430,3,8,Budget,15925.0
1018,20260430,3,8,Actual,16158.63
1019,20260430,3,9,Budget,104125.0
1020,20260430,3,9,Actual,98214.45
1021,20260430,3,10,Budget,36750.0
1022,20260430,3,10,Actual,36282.63
1023,20260430,3,11,Budget,14700.0
1024,20260430,3,11,Actual,14813.59
1025,20260430,4,4,Budget,49000.0
1026,20260430,4,4,Actual,46219.36
1027,20260430,4,7,Budget,196000.0
1028,20260430,4,7,Actual,199357.47
1029,20260430,4,8,Budget,39200.0
1030,20260430,4,8,Actual,37486.33
1031,20260430,4,11,Budget,34300.0
1032,20260430,4,11,Actual,34142.35
1033,20260430,4,15,Budget,18375.0
1034,20260430,4,15,Actual,17383.38
1035,20260430,5,2,Budget,36750.0
1036,20260430,5,2,Actual,36216.85
1037,20260430,5,5,Budget,30625.0
1038,20260430,5,5,Actual,29565.35
1039,20260430,5,6,Budget,14700.0
1040,20260430,5,6,Actual,14394.56
1041,20260430,5,7,Budget,67375.0
1042,20260430,5,7,Actual,69487.04
1043,20260430,5,8,Budget,13475.0
1044,20260430,5,8,Actual,13279.55
1045,20260430,5,11,Budget,7350.0
1046,20260430,5,11,Actual,7572.27
1047,20260430,6,7,Budget,58800.0
1048,20260430,6,7,Actual,61142.06
1049,20260430,6,8,Budget,11760.0
1050,20260430,6,8,Actual,11410.41
1051,20260430,6,12,Budget,18375.0
1052,20260430,6,12,Actual,17453.1
1053,20260430,6,13,Budget,7350.0
1054,20260430,6,13,Actual,6926.1
1055,20260430,6,14,Budget,6125.0
1056,20260430,6,14,Actual,6153.97
1057,20260531,1,7,Budget,55800.0
1058,20260531,1,7,Actual,59147.38
1059,20260531,1,8,Budget,11160.0
1060,20260531,1,8,Actual,10959.07
1061,20260531,1,11,Budget,9920.0
1062,20260531,1,11,Actual,10098.73
1063,20260531,1,12,Budget,27280.0
1064,20260531,1,12,Actual,28200.64
1065,20260531,1,14,Budget,22320.0
1066,20260531,1,14,Actual,22726.46
1067,20260531,2,1,Budget,347200.0
1068,20260531,2,1,Actual,357792.37
1069,20260531,2,2,Budget,74400.0
1070,20260531,2,2,Actual,78414.13
1071,20260531,2,3,Budget,148800.0
1072,20260531,2,3,Actual,143431.78
1073,20260531,2,7,Budget,136400.0
1074,20260531,2,7,Actual,128549.58
1075,20260531,2,8,Budget,27280.0
1076,20260531,2,8,Actual,26142.04
1077,20260531,2,13,Budget,31000.0
1078,20260531,2,13,Actual,29609.54
1079,20260531,2,15,Budget,9920.0
1080,20260531,2,15,Actual,10121.72
1081,20260531,3,7,Budget,80600.0
1082,20260531,3,7,Actual,81218.71
1083,20260531,3,8,Budget,16120.0
1084,20260531,3,8,Actual,15574.43
1085,20260531,3,9,Budget,105400.0
1086,20260531,3,9,Actual,107922.83
1087,20260531,3,10,Budget,37200.0
1088,20260531,3,10,Actual,38391.43
1089,20260531,3,11,Budget,14880.0
1090,20260531,3,11,Actual,14286.8
1091,20260531,4,4,Budget,49600.0
1092,20260531,4,4,Actual,50238.34
1093,20260531,4,7,Budget,198400.0
1094,20260531,4,7,Actual,204302.61
1095,20260531,4,8,Budget,39680.0
1096,20260531,4,8,Actual,37844.56
1097,20260531,4,11,Budget,34720.0
1098,20260531,4,11,Actual,36050.34
1099,20260531,4,15,Budget,18600.0
1100,20260531,4,15,Actual,19637.26
1101,20260531,5,2,Budget,37200.0
1102,20260531,5,2,Actual,35450.55
1103,20260531,5,5,Budget,31000.0
1104,20260531,5,5,Actual,29235.52
1105,20260531,5,6,Budget,14880.0
1106,20260531,5,6,Actual,14544.23
1107,20260531,5,7,Budget,68200.0
1108,20260531,5,7,Actual,69651.41
1109,20260531,5,8,Budget,13640.0
1110,20260531,5,8,Actual,14389.94
1111,20260531,5,11,Budget,7440.0
1112,20260531,5,11,Actual,7347.73
1113,20260531,6,7,Budget,59520.0
1114,20260531,6,7,Actual,61055.72
1115,20260531,6,8,Budget,11904.0
1116,20260531,6,8,Actual,11298.32
1117,20260531,6,12,Budget,18600.0
1118,20260531,6,12,Actual,19025.45
1119,20260531,6,13,Budget,7440.0
1120,20260531,6,13,Actual,7553.6
1121,20260531,6,14,Budget,6200.0
1122,20260531,6,14,Actual,5903.81
1123,20260630,1,7,Budget,56475.0
1124,20260630,1,7,Actual,58321.6
1125,20260630,1,8,Budget,11295.0
1126,20260630,1,8,Actual,11769.79
1127,20260630,1,11,Budget,10040.0
1128,20260630,1,11,Actual,10160.98
1129,20260630,1,12,Budget,27610.0
1130,20260630,1,12,Actual,26354.48
1131,20260630,1,14,Budget,22590.0
1132,20260630,1,14,Actual,23901.61
1133,20260630,2,1,Budget,351400.0
1134,20260630,2,1,Actual,363318.17
1135,20260630,2,2,Budget,75300.0
1136,20260630,2,2,Actual,73919.33
1137,20260630,2,3,Budget,150600.0
1138,20260630,2,3,Actual,149305.65
1139,20260630,2,7,Budget,138050.0
1140,20260630,2,7,Actual,135905.88
1141,20260630,2,8,Budget,27610.0
1142,20260630,2,8,Actual,27629.75
1143,20260630,2,13,Budget,31375.0
1144,20260630,2,13,Actual,30777.24
1145,20260630,2,15,Budget,10040.0
1146,20260630,2,15,Actual,10461.17
1147,20260630,3,7,Budget,81575.0
1148,20260630,3,7,Actual,84730.3
1149,20260630,3,8,Budget,16315.0
1150,20260630,3,8,Actual,15542.72
1151,20260630,3,9,Budget,106675.0
1152,20260630,3,9,Actual,89607.0
1153,20260630,3,10,Budget,37650.0
1154,20260630,3,10,Actual,39731.84
1155,20260630,3,11,Budget,15060.0
1156,20260630,3,11,Actual,15305.03
1157,20260630,4,4,Budget,50200.0
1158,20260630,4,4,Actual,52180.13
1159,20260630,4,7,Budget,200800.0
1160,20260630,4,7,Actual,205795.31
1161,20260630,4,8,Budget,40160.0
1162,20260630,4,8,Actual,39849.1
1163,20260630,4,11,Budget,35140.0
1164,20260630,4,11,Actual,36125.87
1165,20260630,4,15,Budget,18825.0
1166,20260630,4,15,Actual,19876.51
1167,20260630,5,2,Budget,37650.0
1168,20260630,5,2,Actual,36611.23
1169,20260630,5,5,Budget,31375.0
1170,20260630,5,5,Actual,32535.37
1171,20260630,5,6,Budget,15060.0
1172,20260630,5,6,Actual,15128.99
1173,20260630,5,7,Budget,69025.0
1174,20260630,5,7,Actual,68888.31
1175,20260630,5,8,Budget,13805.0
1176,20260630,5,8,Actual,13698.27
1177,20260630,5,11,Budget,7530.0
1178,20260630,5,11,Actual,7738.76
1179,20260630,6,7,Budget,60240.0
1180,20260630,6,7,Actual,58565.78
1181,20260630,6,8,Budget,12048.0
1182,20260630,6,8,Actual,12556.49
1183,20260630,6,12,Budget,18825.0
1184,20260630,6,12,Actual,19572.12
1185,20260630,6,13,Budget,7530.0
1186,20260630,6,13,Actual,7156.51
1187,20260630,6,14,Budget,6275.0
1188,20260630,6,14,Actual,6562.37
1189,20260731,1,7,Budget,57150.0
1190,20260731,1,7,Actual,55393.42
1191,20260731,1,8,Budget,11430.0
1192,20260731,1,8,Actual,11381.59
1193,20260731,1,11,Budget,10160.0
1194,20260731,1,11,Actual,10294.52
1195,20260731,1,12,Budget,27940.0
1196,20260731,1,12,Actual,27534.28
1197,20260731,1,14,Budget,22860.0
1198,20260731,1,14,Actual,21567.13
1199,20260731,2,1,Budget,355600.0
1200,20260731,2,1,Actual,370575.86
1201,20260731,2,2,Budget,76200.0
1202,20260731,2,2,Actual,73290.74
1203,20260731,2,3,Budget,152400.0
1204,20260731,2,3,Actual,147135.25
1205,20260731,2,7,Budget,139700.0
1206,20260731,2,7,Actual,144692.86
1207,20260731,2,8,Budget,27940.0
1208,20260731,2,8,Actual,27404.69
1209,20260731,2,13,Budget,31750.0
1210,20260731,2,13,Actual,33199.02
1211,20260731,2,15,Budget,10160.0
1212,20260731,2,15,Actual,10405.28
1213,20260731,3,7,Budget,82550.0
1214,20260731,3,7,Actual,80333.72
1215,20260731,3,8,Budget,16510.0
1216,20260731,3,8,Actual,15539.51
1217,20260731,3,9,Budget,107950.0
1218,20260731,3,9,Actual,113754.2
1219,20260731,3,10,Budget,38100.0
1220,20260731,3,10,Actual,36205.42
1221,20260731,3,11,Budget,15240.0
1222,20260731,3,11,Actual,15642.47
1223,20260731,4,4,Budget,50800.0
1224,20260731,4,4,Actual,50730.37
1225,20260731,4,7,Budget,203200.0
1226,20260731,4,7,Actual,209495.09
1227,20260731,4,8,Budget,40640.0
1228,20260731,4,8,Actual,41569.56
1229,20260731,4,11,Budget,35560.0
1230,20260731,4,11,Actual,36182.6
1231,20260731,4,15,Budget,19050.0
1232,20260731,4,15,Actual,19029.02
1233,20260731,5,2,Budget,38100.0
1234,20260731,5,2,Actual,39439.29
1235,20260731,5,5,Budget,31750.0
1236,20260731,5,5,Actual,30199.53
1237,20260731,5,6,Budget,15240.0
1238,20260731,5,6,Actual,14730.86
1239,20260731,5,7,Budget,69850.0
1240,20260731,5,7,Actual,71457.56
1241,20260731,5,8,Budget,13970.0
1242,20260731,5,8,Actual,13645.12
1243,20260731,5,11,Budget,7620.0
1244,20260731,5,11,Actual,7694.57
1245,20260731,6,7,Budget,60960.0
1246,20260731,6,7,Actual,60764.4
1247,20260731,6,8,Budget,12192.0
1248,20260731,6,8,Actual,12237.24
1249,20260731,6,12,Budget,19050.0
1250,20260731,6,12,Actual,18879.7
1251,20260731,6,13,Budget,7620.0
1252,20260731,6,13,Actual,7844.88
1253,20260731,6,14,Budget,6350.0
1254,20260731,6,14,Actual,6221.06
1255,20260831,1,7,Budget,57825.0
1256,20260831,1,7,Actual,59232.61
1257,20260831,1,8,Budget,11565.0
1258,20260831,1,8,Actual,11247.08
1259,20260831,1,11,Budget,10280.0
1260,20260831,1,11,Actual,9973.33
1261,20260831,1,12,Budget,28270.0
1262,20260831,1,12,Actual,26983.11
1263,20260831,1,14,Budget,23130.0
1264,20260831,1,14,Actual,22276.74
1265,20260831,2,1,Budget,359800.0
1266,20260831,2,1,Actual,343373.9
1267,20260831,2,2,Budget,77100.0
1268,20260831,2,2,Actual,77431.81
1269,20260831,2,3,Budget,154200.0
1270,20260831,2,3,Actual,159051.56
1271,20260831,2,7,Budget,141350.0
1272,20260831,2,7,Actual,136009.51
1273,20260831,2,8,Budget,28270.0
1274,20260831,2,8,Actual,27307.86
1275,20260831,2,13,Budget,32125.0
1276,20260831,2,13,Actual,32064.09
1277,20260831,2,15,Budget,10280.0
1278,20260831,2,15,Actual,10557.05
1279,20260831,3,7,Budget,83525.0
1280,20260831,3,7,Actual,88302.03
1281,20260831,3,8,Budget,16705.0
1282,20260831,3,8,Actual,16754.39
1283,20260831,3,9,Budget,109225.0
1284,20260831,3,9,Actual,106380.76
1285,20260831,3,10,Budget,38550.0
1286,20260831,3,10,Actual,36702.03
1287,20260831,3,11,Budget,15420.0
1288,20260831,3,11,Actual,14854.0
1289,20260831,4,4,Budget,51400.0
1290,20260831,4,4,Actual,62708.0
1291,20260831,4,7,Budget,205600.0
1292,20260831,4,7,Actual,198876.46
1293,20260831,4,8,Budget,41120.0
1294,20260831,4,8,Actual,39538.24
1295,20260831,4,11,Budget,35980.0
1296,20260831,4,11,Actual,33882.29
1297,20260831,4,15,Budget,19275.0
1298,20260831,4,15,Actual,19353.95
1299,20260831,5,2,Budget,38550.0
1300,20260831,5,2,Actual,37505.96
1301,20260831,5,5,Budget,32125.0
1302,20260831,5,5,Actual,33953.41
1303,20260831,5,6,Budget,15420.0
1304,20260831,5,6,Actual,15518.74
1305,20260831,5,7,Budget,70675.0
1306,20260831,5,7,Actual,72349.3
1307,20260831,5,8,Budget,14135.0
1308,20260831,5,8,Actual,13501.1
1309,20260831,5,11,Budget,7710.0
1310,20260831,5,11,Actual,8050.9
1311,20260831,6,7,Budget,61680.0
1312,20260831,6,7,Actual,61612.49
1313,20260831,6,8,Budget,12336.0
1314,20260831,6,8,Actual,12887.74
1315,20260831,6,12,Budget,19275.0
1316,20260831,6,12,Actual,19446.31
1317,20260831,6,13,Budget,7710.0
1318,20260831,6,13,Actual,7681.69
1319,20260831,6,14,Budget,6425.0
1320,20260831,6,14,Actual,6379.1
1321,20260930,1,7,Budget,58500.0
1322,20260930,1,7,Actual,56284.23
1323,20260930,1,8,Budget,11700.0
1324,20260930,1,8,Actual,11070.13
1325,20260930,1,11,Budget,10400.0
1326,20260930,1,11,Actual,10950.45
1327,20260930,1,12,Budget,28600.0
1328,20260930,1,12,Actual,28523.57
1329,20260930,1,14,Budget,23400.0
1330,20260930,1,14,Actual,24304.5
1331,20260930,2,1,Budget,364000.0
1332,20260930,2,1,Actual,359662.9
1333,20260930,2,2,Budget,78000.0
1334,20260930,2,2,Actual,66300.0
1335,20260930,2,3,Budget,156000.0
1336,20260930,2,3,Actual,148026.82
1337,20260930,2,7,Budget,143000.0
1338,20260930,2,7,Actual,145221.29
1339,20260930,2,8,Budget,28600.0
1340,20260930,2,8,Actual,27067.99
1341,20260930,2,13,Budget,32500.0
1342,20260930,2,13,Actual,31131.87
1343,20260930,2,15,Budget,10400.0
1344,20260930,2,15,Actual,10478.42
1345,20260930,3,7,Budget,84500.0
1346,20260930,3,7,Actual,82510.89
1347,20260930,3,8,Budget,16900.0
1348,20260930,3,8,Actual,17901.67
1349,20260930,3,9,Budget,110500.0
1350,20260930,3,9,Actual,105440.67
1351,20260930,3,10,Budget,39000.0
1352,20260930,3,10,Actual,40237.6
1353,20260930,3,11,Budget,15600.0
1354,20260930,3,11,Actual,15799.03
1355,20260930,4,4,Budget,52000.0
1356,20260930,4,4,Actual,53814.22
1357,20260930,4,7,Budget,208000.0
1358,20260930,4,7,Actual,201153.15
1359,20260930,4,8,Budget,41600.0
1360,20260930,4,8,Actual,41712.68
1361,20260930,4,11,Budget,36400.0
1362,20260930,4,11,Actual,36183.85
1363,20260930,4,15,Budget,19500.0
1364,20260930,4,15,Actual,19365.97
1365,20260930,5,2,Budget,39000.0
1366,20260930,5,2,Actual,40685.58
1367,20260930,5,5,Budget,32500.0
1368,20260930,5,5,Actual,34411.12
1369,20260930,5,6,Budget,15600.0
1370,20260930,5,6,Actual,15235.67
1371,20260930,5,7,Budget,71500.0
1372,20260930,5,7,Actual,72538.41
1373,20260930,5,8,Budget,14300.0
1374,20260930,5,8,Actual,14488.13
1375,20260930,5,11,Budget,7800.0
1376,20260930,5,11,Actual,8024.72
1377,20260930,6,7,Budget,62400.0
1378,20260930,6,7,Actual,65751.56
1379,20260930,6,8,Budget,12480.0
1380,20260930,6,8,Actual,12042.38
1381,20260930,6,12,Budget,19500.0
1382,20260930,6,12,Actual,18823.8
1383,20260930,6,13,Budget,7800.0
1384,20260930,6,13,Actual,7950.16
1385,20260930,6,14,Budget,6500.0
1386,20260930,6,14,Actual,6232.5
1387,20261031,1,7,Budget,59175.0
1388,20261031,1,7,Actual,56858.75
1389,20261031,1,8,Budget,11835.0
1390,20261031,1,8,Actual,11231.51
1391,20261031,1,11,Budget,10520.0
1392,20261031,1,11,Actual,9892.18
1393,20261031,1,12,Budget,28930.0
1394,20261031,1,12,Actual,28758.17
1395,20261031,1,14,Budget,23670.0
1396,20261031,1,14,Actual,33138.0
1397,20261031,2,1,Budget,368200.0
1398,20261031,2,1,Actual,372344.95
1399,20261031,2,2,Budget,78900.0
1400,20261031,2,2,Actual,76923.64
1401,20261031,2,3,Budget,157800.0
1402,20261031,2,3,Actual,152715.23
1403,20261031,2,7,Budget,144650.0
1404,20261031,2,7,Actual,148242.34
1405,20261031,2,8,Budget,28930.0
1406,20261031,2,8,Actual,29634.69
1407,20261031,2,13,Budget,32875.0
1408,20261031,2,13,Actual,32693.65
1409,20261031,2,15,Budget,10520.0
1410,20261031,2,15,Actual,10756.55
1411,20261031,3,7,Budget,85475.0
1412,20261031,3,7,Actual,89823.06
1413,20261031,3,8,Budget,17095.0
1414,20261031,3,8,Actual,17685.45
1415,20261031,3,9,Budget,111775.0
1416,20261031,3,9,Actual,113452.4
1417,20261031,3,10,Budget,39450.0
1418,20261031,3,10,Actual,40213.04
1419,20261031,3,11,Budget,15780.0
1420,20261031,3,11,Actual,16601.19
1421,20261031,4,4,Budget,52600.0
1422,20261031,4,4,Actual,52127.48
1423,20261031,4,7,Budget,210400.0
1424,20261031,4,7,Actual,211525.11
1425,20261031,4,8,Budget,42080.0
1426,20261031,4,8,Actual,42825.5
1427,20261031,4,11,Budget,36820.0
1428,20261031,4,11,Actual,38624.53
1429,20261031,4,15,Budget,19725.0
1430,20261031,4,15,Actual,20498.14
1431,20261031,5,2,Budget,39450.0
1432,20261031,5,2,Actual,37421.05
1433,20261031,5,5,Budget,32875.0
1434,20261031,5,5,Actual,31557.07
1435,20261031,5,6,Budget,15780.0
1436,20261031,5,6,Actual,15415.69
1437,20261031,5,7,Budget,72325.0
1438,20261031,5,7,Actual,74485.7
1439,20261031,5,8,Budget,14465.0
1440,20261031,5,8,Actual,14585.13
1441,20261031,5,11,Budget,7890.0
1442,20261031,5,11,Actual,7689.86
1443,20261031,6,7,Budget,63120.0
1444,20261031,6,7,Actual,60274.7
1445,20261031,6,8,Budget,12624.0
1446,20261031,6,8,Actual,12909.82
1447,20261031,6,12,Budget,19725.0
1448,20261031,6,12,Actual,20197.77
1449,20261031,6,13,Budget,7890.0
1450,20261031,6,13,Actual,8309.13
1451,20261031,6,14,Budget,6575.0
1452,20261031,6,14,Actual,6575.37
1453,20261130,1,7,Budget,59850.0
1454,20261130,1,7,Actual,59805.44
1455,20261130,1,8,Budget,11970.0
1456,20261130,1,8,Actual,11367.35
1457,20261130,1,11,Budget,10640.0
1458,20261130,1,11,Actual,10052.49
1459,20261130,1,12,Budget,29260.0
1460,20261130,1,12,Actual,29021.34
1461,20261130,1,14,Budget,23940.0
1462,20261130,1,14,Actual,23429.57
1463,20261130,2,1,Budget,372400.0
1464,20261130,2,1,Actual,361244.44
1465,20261130,2,2,Budget,79800.0
1466,20261130,2,2,Actual,75886.55
1467,20261130,2,3,Budget,159600.0
1468,20261130,2,3,Actual,168446.52
1469,20261130,2,7,Budget,146300.0
1470,20261130,2,7,Actual,152198.09
1471,20261130,2,8,Budget,29260.0
1472,20261130,2,8,Actual,29524.04
1473,20261130,2,13,Budget,33250.0
1474,20261130,2,13,Actual,35048.64
1475,20261130,2,15,Budget,10640.0
1476,20261130,2,15,Actual,11277.85
1477,20261130,3,7,Budget,86450.0
1478,20261130,3,7,Actual,88237.25
1479,20261130,3,8,Budget,17290.0
1480,20261130,3,8,Actual,16811.78
1481,20261130,3,9,Budget,113050.0
1482,20261130,3,9,Actual,106812.78
1483,20261130,3,10,Budget,39900.0
1484,20261130,3,10,Actual,41127.02
1485,20261130,3,11,Budget,15960.0
1486,20261130,3,11,Actual,15903.5
1487,20261130,4,4,Budget,53200.0
1488,20261130,4,4,Actual,54167.24
1489,20261130,4,7,Budget,212800.0
1490,20261130,4,7,Actual,223424.83
1491,20261130,4,8,Budget,42560.0
1492,20261130,4,8,Actual,40933.3
1493,20261130,4,11,Budget,37240.0
1494,20261130,4,11,Actual,37621.32
1495,20261130,4,15,Budget,19950.0
1496,20261130,4,15,Actual,20272.67
1497,20261130,5,2,Budget,39900.0
1498,20261130,5,2,Actual,39860.38
1499,20261130,5,5,Budget,33250.0
1500,20261130,5,5,Actual,39567.5
1501,20261130,5,6,Budget,15960.0
1502,20261130,5,6,Actual,15177.15
1503,20261130,5,7,Budget,73150.0
1504,20261130,5,7,Actual,71815.4
1505,20261130,5,8,Budget,14630.0
1506,20261130,5,8,Actual,14337.36
1507,20261130,5,11,Budget,7980.0
1508,20261130,5,11,Actual,8142.92
1509,20261130,6,7,Budget,63840.0
1510,20261130,6,7,Actual,66580.52
1511,20261130,6,8,Budget,12768.0
1512,20261130,6,8,Actual,12507.23
1513,20261130,6,12,Budget,19950.0
1514,20261130,6,12,Actual,20413.65
1515,20261130,6,13,Budget,7980.0
1516,20261130,6,13,Actual,7777.2
1517,20261130,6,14,Budget,6650.0
1518,20261130,6,14,Actual,7005.26
1519,20261231,1,7,Budget,60525.0
1520,20261231,1,7,Actual,62802.43
1521,20261231,1,8,Budget,12105.0
1522,20261231,1,8,Actual,12177.77
1523,20261231,1,11,Budget,10760.0
1524,20261231,1,11,Actual,10701.67
1525,20261231,1,12,Budget,29590.0
1526,20261231,1,12,Actual,28931.39
1527,20261231,1,14,Budget,24210.0
1528,20261231,1,14,Actual,23696.58
1529,20261231,2,1,Budget,376600.0
1530,20261231,2,1,Actual,433090.0
1531,20261231,2,2,Budget,80700.0
1532,20261231,2,2,Actual,85253.27
1533,20261231,2,3,Budget,161400.0
1534,20261231,2,3,Actual,159544.06
1535,20261231,2,7,Budget,147950.0
1536,20261231,2,7,Actual,148209.14
1537,20261231,2,8,Budget,29590.0
1538,20261231,2,8,Actual,31323.21
1539,20261231,2,13,Budget,33625.0
1540,20261231,2,13,Actual,34261.16
1541,20261231,2,15,Budget,10760.0
1542,20261231,2,15,Actual,10815.0
1543,20261231,3,7,Budget,87425.0
1544,20261231,3,7,Actual,86514.88
1545,20261231,3,8,Budget,17485.0
1546,20261231,3,8,Actual,16829.49
1547,20261231,3,9,Budget,114325.0
1548,20261231,3,9,Actual,112428.75
1549,20261231,3,10,Budget,40350.0
1550,20261231,3,10,Actual,41591.7
1551,20261231,3,11,Budget,16140.0
1552,20261231,3,11,Actual,16382.89
1553,20261231,4,4,Budget,53800.0
1554,20261231,4,4,Actual,55478.5
1555,20261231,4,7,Budget,215200.0
1556,20261231,4,7,Actual,207544.69
1557,20261231,4,8,Budget,43040.0
1558,20261231,4,8,Actual,43294.21
1559,20261231,4,11,Budget,37660.0
1560,20261231,4,11,Actual,39592.74
1561,20261231,4,15,Budget,20175.0
1562,20261231,4,15,Actual,20025.18
1563,20261231,5,2,Budget,40350.0
1564,20261231,5,2,Actual,41309.93
1565,20261231,5,5,Budget,33625.0
1566,20261231,5,5,Actual,32097.45
1567,20261231,5,6,Budget,16140.0
1568,20261231,5,6,Actual,17056.39
1569,20261231,5,7,Budget,73975.0
1570,20261231,5,7,Actual,74941.45
1571,20261231,5,8,Budget,14795.0
1572,20261231,5,8,Actual,14332.15
1573,20261231,5,11,Budget,8070.0
1574,20261231,5,11,Actual,7739.17
1575,20261231,6,7,Budget,64560.0
1576,20261231,6,7,Actual,64953.86
1577,20261231,6,8,Budget,12912.0
1578,20261231,6,8,Actual,12992.96
1579,20261231,6,12,Budget,20175.0
1580,20261231,6,12,Actual,19190.16
1581,20261231,6,13,Budget,8070.0
1582,20261231,6,13,Actual,8546.7
1583,20261231,6,14,Budget,6725.0
1584,20261231,6,14,Actual,7058.23
